Close	ATR	Momentum	CCI	MACD	EMA	Times
3.86	0.07228	-0.04	-19.33	-0.00245	3.9	2022-09-29
3.82	0.0714	-0.04	-90.41	-0.007719	3.89	2022-09-30
3.64	0.08345	-0.18	-382.2	-0.02612	3.87	2022-10-10
3.58	0.08177	-0.06	-298.8	-0.04502	3.86	2022-10-11
3.6	0.08236	0.02	-231.2	-0.05773	3.84	2022-10-12
3.58	0.08148	-0.02	-186.5	-0.06862	3.82	2022-10-13
3.6	0.07851	0.02	-129.8	-0.07477	3.81	2022-10-14
3.58	0.07719	-0.02	-121.4	-0.08034	3.79	2022-10-17
3.57	0.07525	-0.01	-102.1	-0.08458	3.78	2022-10-18
3.53	0.07273	-0.04	-100.6	-0.09013	3.76	2022-10-19
3.52	0.06897	-0.01	-97.68	-0.09425	3.75	2022-10-20
3.52	0.06547	0.0	-87.38	-0.0964	3.73	2022-10-21
3.41	0.06865	-0.11	-106.2	-0.1058	3.71	2022-10-24
3.4	0.0666	-0.01	-111.8	-0.1127	3.69	2022-10-25
3.39	0.0647	-0.01	-113.3	-0.1176	3.67	2022-10-26
3.4	0.06222	0.01	-103.4	-0.1194	3.65	2022-10-27
3.4	0.05992	0.0	-101.2	-0.1194	3.64	2022-10-28
3.33	0.06207	-0.07	-123.5	-0.1236	3.62	2022-10-31
3.37	0.06335	0.04	-114.4	-0.1223	3.6	2022-11-01
3.41	0.06454	0.04	-81.46	-0.1167	3.59	2022-11-02
3.38	0.06279	-0.03	-75.04	-0.1134	3.58	2022-11-03
3.47	0.06687	0.09	-29.04	-0.1023	3.57	2022-11-04
3.52	0.0671	0.05	17.76	-0.08848	3.57	2022-11-07
3.5	0.06516	-0.02	26.2	-0.07823	3.56	2022-11-08
3.5	0.06479	0.0	42.37	-0.06931	3.56	2022-11-09
3.52	0.06516	0.02	31.66	-0.05993	3.56	2022-11-10
3.65	0.07194	0.13	149.0	-0.04153	3.56	2022-11-11
3.68	0.07466	0.03	196.8	-0.02425	3.57	2022-11-14
3.71	0.07504	0.03	170.4	-0.008043	3.58	2022-11-15
3.64	0.07539	-0.07	130.3	-0.0008362	3.58	2022-11-16
3.66	0.07287	0.02	110.3	0.006415	3.59	2022-11-17
3.63	0.07123	-0.03	91.53	0.00963	3.59	2022-11-18
3.58	0.07114	-0.05	52.73	0.008051	3.59	2022-11-21
3.7	0.07963	0.12	98.88	0.01629	3.6	2022-11-22
3.79	0.08395	0.09	142.1	0.02975	3.61	2022-11-23
3.72	0.08509	-0.07	109.5	0.03436	3.62	2022-11-24
3.84	0.0883	0.12	123.0	0.04716	3.63	2022-11-25
3.76	0.09128	-0.08	89.27	0.05027	3.64	2022-11-28
3.88	0.09762	0.12	144.7	0.0617	3.65	2022-11-29
3.82	0.09636	-0.06	122.3	0.06517	3.67	2022-11-30
3.78	0.09947	-0.04	98.31	0.06396	3.67	2022-12-01
3.76	0.09666	-0.02	58.29	0.06068	3.68	2022-12-02
3.89	0.1012	0.13	112.6	0.06779	3.69	2022-12-05
3.88	0.09967	-0.01	116.2	0.07179	3.7	2022-12-06
3.82	0.09969	-0.06	81.7	0.06932	3.71	2022-12-07
3.86	0.09757	0.04	84.63	0.06979	3.72	2022-12-08
3.99	0.1013	0.13	141.9	0.07973	3.74	2022-12-09
3.87	0.1041	-0.12	87.24	0.07704	3.75	2022-12-12
3.93	0.1016	0.06	96.35	0.07884	3.76	2022-12-13
3.95	0.1015	0.02	110.9	0.08094	3.77	2022-12-14
3.89	0.09999	-0.06	71.0	0.07688	3.78	2022-12-15
3.95	0.09856	0.06	86.39	0.07761	3.79	2022-12-16
3.91	0.09652	-0.04	75.27	0.07411	3.8	2022-12-19
3.82	0.09748	-0.09	-0.463	0.06334	3.8	2022-12-20
3.84	0.09552	0.02	-10.45	0.05578	3.8	2022-12-21
3.82	0.09298	-0.02	-40.64	0.04762	3.8	2022-12-22
3.8	0.09063	-0.02	-96.18	0.03909	3.8	2022-12-23
3.79	0.08701	-0.01	-112.1	0.03117	3.8	2022-12-26
3.88	0.0908	0.09	10.17	0.03178	3.81	2022-12-27
3.94	0.09217	0.06	96.42	0.03669	3.82	2022-12-28
3.91	0.08987	-0.03	57.1	0.03772	3.82	2022-12-29
3.96	0.08988	0.05	137.8	0.04209	3.83	2022-12-30
4.0	0.09132	0.04	140.5	0.04822	3.84	2023-01-03
4.08	0.09337	0.08	216.0	0.05886	3.86	2023-01-04
4.06	0.09313	-0.02	203.0	0.06493	3.87	2023-01-05
4.06	0.09076	0.0	154.5	0.06894	3.88	2023-01-06
4.08	0.08999	0.02	156.6	0.0729	3.89	2023-01-09
4.07	0.08856	-0.01	131.8	0.07437	3.91	2023-01-10
4.14	0.08867	0.07	143.1	0.08025	3.92	2023-01-11
4.17	0.08805	0.03	137.9	0.08635	3.94	2023-01-12
4.19	0.08533	0.02	136.1	0.09173	3.95	2023-01-13
4.13	0.08638	-0.06	101.9	0.09012	3.97	2023-01-16
4.1	0.08521	-0.03	62.47	0.08543	3.97	2023-01-17
4.17	0.08698	0.07	80.56	0.08637	3.99	2023-01-18
4.14	0.08434	-0.03	76.4	0.08373	4.0	2023-01-19
4.2	0.0826	0.06	94.19	0.0855	4.01	2023-01-20
4.16	0.08313	-0.04	98.78	0.08271	4.02	2023-01-30
4.12	0.0829	-0.04	62.81	0.0764	4.03	2023-01-31
4.08	0.08341	-0.04	11.21	0.06739	4.03	2023-02-01
4.06	0.08031	-0.02	-22.59	0.05797	4.03	2023-02-02
4.01	0.07957	-0.05	-93.14	0.04594	4.03	2023-02-03
3.99	0.07818	-0.02	-145.7	0.03439	4.03	2023-02-06
4.0	0.07688	0.01	-121.2	0.02575	4.03	2023-02-07
3.97	0.07781	-0.03	-144.3	0.0163	4.02	2023-02-08
3.91	0.08011	-0.06	-185.4	0.003918	4.01	2023-02-09
3.94	0.07868	0.03	-165.0	-0.003433	4.01	2023-02-10
3.9	0.07877	-0.04	-152.4	-0.01234	4.0	2023-02-13
3.96	0.08029	0.06	-92.28	-0.0144	4.0	2023-02-14
3.9	0.08098	-0.06	-101.4	-0.02063	3.99	2023-02-15
3.94	0.07948	0.04	-88.52	-0.02209	3.99	2023-02-16
3.91	0.07738	-0.03	-80.87	-0.02537	3.98	2023-02-17
4.01	0.08042	0.1	-39.25	-0.01968	3.99	2023-02-20
3.98	0.07825	-0.03	-30.49	-0.01738	3.99	2023-02-21
3.94	0.07623	-0.04	-52.93	-0.01858	3.98	2023-02-22
3.94	0.07507	0.0	-39.95	-0.01931	3.98	2023-02-23
3.89	0.07471	-0.05	-89.09	-0.02364	3.97	2023-02-24
3.87	0.07223	-0.02	-120.3	-0.02837	3.97	2023-02-27
3.88	0.06921	0.01	-117.8	-0.03095	3.96	2023-02-28
3.94	0.06927	0.06	-55.65	-0.02783	3.96	2023-03-01
3.99	0.07075	0.05	40.25	-0.02108	3.96	2023-03-02
4.19	0.07998	0.2	287.3	0.0004002	3.98	2023-03-03
4.06	0.08356	-0.13	210.7	0.006856	3.98	2023-03-06
4.18	0.09259	0.12	243.7	0.02141	4.0	2023-03-07
4.15	0.09312	-0.03	163.0	0.03017	4.01	2023-03-08
4.13	0.09075	-0.02	140.6	0.0351	4.01	2023-03-09
4.04	0.09427	-0.09	73.82	0.03138	4.02	2023-03-10
4.12	0.09539	0.08	66.64	0.03449	4.02	2023-03-13
4.06	0.09572	-0.06	45.4	0.03175	4.02	2023-03-14
4.14	0.09817	0.08	76.85	0.03562	4.03	2023-03-15
4.19	0.1019	0.05	105.8	0.04224	4.04	2023-03-16
4.24	0.1032	0.05	132.5	0.05093	4.05	2023-03-17
4.15	0.1079	-0.09	95.24	0.04997	4.06	2023-03-20
4.12	0.1109	-0.03	48.28	0.04627	4.06	2023-03-21
4.13	0.1087	0.01	48.86	0.04363	4.07	2023-03-22
4.14	0.106	0.01	50.01	0.04187	4.07	2023-03-23
4.01	0.1084	-0.13	-30.8	0.02964	4.07	2023-03-24
3.95	0.1064	-0.06	-117.3	0.01493	4.06	2023-03-27
3.98	0.1045	0.03	-122.4	0.005636	4.06	2023-03-28
3.99	0.1013	0.01	-123.1	-0.0009157	4.05	2023-03-29
4.13	0.1062	0.14	9.6	0.00513	4.06	2023-03-30
3.99	0.1093	-0.14	-94.67	-0.00136	4.05	2023-03-31
3.97	0.1051	-0.02	-122.2	-0.008025	4.05	2023-04-03
4.05	0.1069	0.08	-55.01	-0.006773	4.05	2023-04-04
4.03	0.1028	-0.02	-49.87	-0.007311	4.05	2023-04-06
4.02	0.09905	-0.01	-54.26	-0.008447	4.04	2023-04-07
4.01	0.09483	-0.01	-55.78	-0.01004	4.04	2023-04-10
4.01	0.0902	0.0	-60.12	-0.01117	4.04	2023-04-11
4.11	0.09304	0.1	9.941	-0.003953	4.04	2023-04-12
4.23	0.0964	0.12	106.1	0.01132	4.06	2023-04-13
4.24	0.09522	0.01	126.8	0.02395	4.07	2023-04-14
4.42	0.1041	0.18	215.0	0.04794	4.09	2023-04-17
4.55	0.1103	0.13	267.1	0.07655	4.12	2023-04-18
4.64	0.1153	0.09	258.9	0.1053	4.15	2023-04-19
4.59	0.1184	-0.05	177.8	0.1226	4.18	2023-04-20
4.57	0.1236	-0.02	150.6	0.1332	4.21	2023-04-21
4.6	0.1269	0.03	127.6	0.1423	4.23	2023-04-24
4.78	0.1357	0.18	143.0	0.1623	4.27	2023-04-25
4.68	0.141	-0.1	106.2	0.168	4.29	2023-04-26
4.72	0.1416	0.04	97.43	0.1738	4.32	2023-04-27
4.72	0.1451	0.0	86.93	0.1764	4.35	2023-04-28
4.92	0.1597	0.2	111.3	0.1923	4.38	2023-05-04
4.9	0.164	-0.02	121.4	0.2011	4.42	2023-05-05
5.08	0.1787	0.18	142.7	0.22	4.46	2023-05-08
4.8	0.1917	-0.28	95.24	0.2099	4.48	2023-05-09
4.62	0.1944	-0.18	36.31	0.1853	4.49	2023-05-10
4.61	0.1898	-0.01	18.82	0.1631	4.5	2023-05-11
4.49	0.1877	-0.12	-27.65	0.1343	4.5	2023-05-12
4.66	0.1907	0.17	-17.78	0.1237	4.51	2023-05-15
4.58	0.1857	-0.08	-19.37	0.1077	4.51	2023-05-16
4.53	0.1803	-0.05	-74.65	0.08987	4.51	2023-05-17
4.66	0.1824	0.13	-24.29	0.08527	4.52	2023-05-18
4.63	0.1794	-0.03	-33.7	0.07831	4.53	2023-05-19
4.69	0.1744	0.06	-15.81	0.07674	4.54	2023-05-22
4.57	0.1762	-0.12	-41.84	0.06507	4.54	2023-05-23
4.44	0.1736	-0.13	-132.1	0.04481	4.54	2023-05-24
4.42	0.1684	-0.02	-159.8	0.02684	4.53	2023-05-25
4.46	0.1649	0.04	-125.7	0.01564	4.52	2023-05-26
4.52	0.1596	0.06	-83.74	0.01147	4.52	2023-05-29
4.46	0.1582	-0.06	-97.18	0.00329	4.52	2023-05-30
4.41	0.1512	-0.05	-105.9	-0.007146	4.51	2023-05-31
4.42	0.1482	0.01	-98.28	-0.01444	4.51	2023-06-01
4.47	0.1448	0.05	-71.78	-0.01601	4.5	2023-06-02
4.51	0.1423	0.04	-43.81	-0.01386	4.5	2023-06-05
4.48	0.1407	-0.03	-26.32	-0.01441	4.5	2023-06-06
4.53	0.1364	0.05	-18.11	-0.01069	4.5	2023-06-07
4.66	0.1423	0.13	75.13	0.002715	4.51	2023-06-08
4.72	0.1407	0.06	132.4	0.01797	4.53	2023-06-09
4.68	0.1385	-0.04	103.2	0.02653	4.54	2023-06-12
4.7	0.1329	0.02	112.1	0.03453	4.55	2023-06-13
4.5	0.1399	-0.2	13.3	0.02445	4.55	2023-06-14
4.47	0.1363	-0.03	-39.6	0.01388	4.54	2023-06-15
4.39	0.1359	-0.08	-85.25	-0.0009385	4.53	2023-06-16
4.34	0.1333	-0.05	-138.2	-0.01653	4.52	2023-06-19
4.27	0.1316	-0.07	-173.1	-0.03414	4.5	2023-06-20
4.28	0.1294	0.01	-148.4	-0.04675	4.49	2023-06-21
4.18	0.1294	-0.1	-183.4	-0.06407	4.47	2023-06-26
4.25	0.128	0.07	-145.8	-0.07133	4.45	2023-06-27
4.24	0.1232	-0.01	-115.7	-0.077	4.44	2023-06-28
4.18	0.1187	-0.06	-119.0	-0.08536	4.42	2023-06-29
4.19	0.1152	0.01	-110.1	-0.09013	4.41	2023-06-30
4.27	0.1148	0.08	-73.75	-0.08646	4.4	2023-07-03
4.27	0.1116	0.0	-58.8	-0.0826	4.39	2023-07-04
4.23	0.1072	-0.04	-63.62	-0.08183	4.38	2023-07-05
4.2	0.106	-0.03	-67.16	-0.08268	4.37	2023-07-06
4.18	0.1013	-0.02	-73.7	-0.084	4.36	2023-07-07
4.19	0.09761	0.01	-64.37	-0.08328	4.35	2023-07-10
4.24	0.09492	0.05	-48.75	-0.07778	4.34	2023-07-11
4.25	0.09314	0.01	-25.36	-0.07179	4.33	2023-07-12
4.39	0.0972	0.14	61.92	-0.05511	4.34	2023-07-13
4.39	0.0974	0.0	134.9	-0.04141	4.34	2023-07-14
4.32	0.09687	-0.07	81.4	-0.03579	4.34	2023-07-17
4.3	0.09424	-0.02	68.1	-0.03257	4.34	2023-07-18
4.32	0.09108	0.02	69.03	-0.02809	4.34	2023-07-19
4.33	0.08886	0.01	96.19	-0.02345	4.34	2023-07-20
4.3	0.08608	-0.03	58.82	-0.02195	4.33	2023-07-21
4.3	0.08422	0.0	40.56	-0.02052	4.33	2023-07-24
4.49	0.09178	0.19	179.2	-0.004013	4.34	2023-07-25
4.45	0.09165	-0.04	163.7	0.005777	4.35	2023-07-26
4.5	0.09082	0.05	176.6	0.01737	4.36	2023-07-27
4.73	0.1043	0.23	248.2	0.0446	4.38	2023-07-28
4.69	0.1126	-0.04	237.3	0.06224	4.4	2023-07-31
4.67	0.1117	-0.02	166.2	0.07375	4.42	2023-08-01
4.46	0.1194	-0.21	67.95	0.06518	4.42	2023-08-02
4.5	0.1188	0.04	47.68	0.06091	4.43	2023-08-03
4.56	0.1203	0.06	83.72	0.06166	4.44	2023-08-04
4.51	0.1174	-0.05	49.03	0.05755	4.44	2023-08-07
4.52	0.114	0.01	46.7	0.05448	4.45	2023-08-08
4.52	0.1087	0.0	31.31	0.05145	4.45	2023-08-09
4.51	0.1052	-0.01	25.27	0.04769	4.45	2023-08-10
4.45	0.1049	-0.06	-2.677	0.03942	4.45	2023-08-11
4.4	0.1038	-0.05	-55.61	0.0285	4.45	2023-08-14
4.48	0.105	0.08	-18.39	0.026	4.45	2023-08-15
4.43	0.1039	-0.05	-49.25	0.01976	4.45	2023-08-16
4.39	0.1029	-0.04	-89.4	0.01145	4.45	2023-08-17
4.42	0.1056	0.03	-53.99	0.007205	4.45	2023-08-18
4.36	0.1044	-0.06	-109.6	-0.0009899	4.44	2023-08-21
4.45	0.1034	0.09	-78.76	-0.0002196	4.44	2023-08-22
4.41	0.101	-0.04	-69.95	-0.002804	4.44	2023-08-23
4.37	0.09952	-0.04	-93.32	-0.007988	4.43	2023-08-24
4.39	0.09741	0.02	-94.89	-0.01036	4.43	2023-08-25
4.5	0.1076	0.11	61.62	-0.003331	4.44	2023-08-28
4.45	0.1071	-0.05	-19.25	-0.001772	4.44	2023-08-29
4.43	0.1066	-0.02	-36.71	-0.002126	4.44	2023-08-30
4.4	0.1054	-0.03	-66.85	-0.004773	4.43	2023-08-31
4.43	0.1014	0.03	-29.23	-0.004398	4.43	2023-09-01
4.52	0.1042	0.09	110.0	0.003125	4.44	2023-09-04
4.44	0.1039	-0.08	28.08	0.002601	4.44	2023-09-05
4.45	0.1015	0.01	5.376	0.002959	4.44	2023-09-06
4.44	0.09992	-0.01	41.92	0.002408	4.44	2023-09-07
4.43	0.09564	-0.01	-5.952	0.001152	4.44	2023-09-08
4.41	0.09238	-0.02	-48.78	-0.001442	4.44	2023-09-11
4.41	0.0865	0.0	-60.3	-0.003457	4.44	2023-09-12
4.43	0.08318	0.02	-17.43	-0.003401	4.44	2023-09-13
4.48	0.08295	0.05	64.68	0.00067	4.44	2023-09-14
4.51	0.08488	0.03	173.0	0.006245	4.44	2023-09-15
4.51	0.08239	0.0	102.0	0.01054	4.45	2023-09-18
4.58	0.08365	0.07	180.9	0.01937	4.46	2023-09-19
4.63	0.0841	0.05	212.0	0.03006	4.47	2023-09-20
4.56	0.08524	-0.07	150.5	0.0325	4.47	2023-09-21
4.59	0.08486	0.03	111.7	0.03644	4.48	2023-09-22
4.58	0.08452	-0.01	114.6	0.03832	4.49	2023-09-25
4.54	0.08562	-0.04	87.43	0.03616	4.49	2023-09-26
4.49	0.08522	-0.05	28.68	0.03006	4.49	2023-09-27
4.49	0.0827	0.0	12.54	0.02495	4.49	2023-09-28
4.49	0.0818	0.0	-31.36	0.02065	4.49	2023-10-09
4.46	0.08167	-0.03	-20.97	0.01466	4.49	2023-10-10
4.45	0.08155	-0.01	-57.6	0.009003	4.49	2023-10-11
4.58	0.08501	0.13	59.63	0.01484	4.49	2023-10-12
4.59	0.08751	0.01	98.09	0.02004	4.5	2023-10-13
4.64	0.0884	0.05	121.0	0.02787	4.51	2023-10-16
4.66	0.08709	0.02	133.1	0.03529	4.52	2023-10-17
4.64	0.08515	-0.02	126.3	0.0391	4.53	2023-10-18
4.52	0.08836	-0.12	11.16	0.03207	4.52	2023-10-19
4.45	0.08776	-0.07	-117.1	0.02061	4.52	2023-10-20
4.37	0.09149	-0.08	-179.9	0.005014	4.51	2023-10-23
4.29	0.09424	-0.08	-213.1	-0.01364	4.5	2023-10-24
4.3	0.09108	0.01	-184.7	-0.02731	4.48	2023-10-25
4.34	0.091	0.04	-143.7	-0.03451	4.47	2023-10-26
4.33	0.09022	-0.01	-115.6	-0.04056	4.46	2023-10-27
4.12	0.1002	-0.21	-193.6	-0.06159	4.44	2023-10-30
4.13	0.09804	0.01	-184.9	-0.07656	4.42	2023-10-31
4.17	0.09604	0.04	-136.7	-0.08423	4.41	2023-11-01
4.22	0.0949	0.05	-98.98	-0.08529	4.39	2023-11-02
4.2	0.09097	-0.02	-88.18	-0.08675	4.38	2023-11-03
4.18	0.08805	-0.02	-88.48	-0.08849	4.37	2023-11-06
4.16	0.08533	-0.02	-90.01	-0.09045	4.36	2023-11-07
4.12	0.08281	-0.04	-91.73	-0.09414	4.34	2023-11-08
4.17	0.08189	0.05	-76.62	-0.09197	4.33	2023-11-09
4.13	0.08104	-0.04	-76.55	-0.09241	4.32	2023-11-10
4.1	0.08168	-0.03	-89.04	-0.0941	4.3	2023-11-13
4.1	0.07942	0.0	-87.6	-0.09435	4.29	2023-11-14
4.12	0.0766	0.02	-69.29	-0.09188	4.28	2023-11-15
4.11	0.07327	-0.01	-68.03	-0.08969	4.27	2023-11-16
4.07	0.0709	-0.04	-95.15	-0.09014	4.25	2023-11-17
4.09	0.06869	0.02	-93.97	-0.08788	4.24	2023-11-20
4.11	0.06664	0.02	-63.08	-0.0835	4.24	2023-11-21
4.09	0.06402	-0.02	-71.55	-0.08072	4.23	2023-11-22
4.1	0.06159	0.01	-72.35	-0.07682	4.22	2023-11-23
4.11	0.05862	0.01	-57.82	-0.0721	4.21	2023-11-24
4.02	0.06158	-0.09	-157.0	-0.07475	4.2	2023-11-27
4.02	0.06075	0.0	-173.8	-0.07598	4.19	2023-11-28
3.93	0.06355	-0.09	-241.8	-0.08325	4.17	2023-11-29
3.97	0.06473	0.04	-202.7	-0.08482	4.16	2023-11-30
4.0	0.06368	0.03	-131.8	-0.08268	4.15	2023-12-01
3.98	0.0627	-0.02	-119.4	-0.08166	4.14	2023-12-04
3.93	0.06179	-0.05	-146.7	-0.08392	4.12	2023-12-05
3.92	0.06238	-0.01	-157.9	-0.08553	4.11	2023-12-06
3.92	0.06221	0.0	-138.9	-0.08581	4.1	2023-12-07
3.95	0.06491	0.03	-84.41	-0.08267	4.09	2023-12-08
3.94	0.0667	-0.01	-98.72	-0.08006	4.08	2023-12-11
3.99	0.06694	0.05	-51.49	-0.07311	4.07	2023-12-12
3.93	0.06644	-0.06	-61.52	-0.07162	4.06	2023-12-13
3.9	0.06598	-0.03	-85.26	-0.07204	4.05	2023-12-14
3.92	0.06555	0.02	-69.51	-0.06994	4.04	2023-12-15
3.9	0.06373	-0.02	-95.37	-0.0691	4.04	2023-12-18
3.88	0.06346	-0.02	-113.6	-0.06925	4.03	2023-12-19
3.85	0.06393	-0.03	-127.2	-0.07097	4.01	2023-12-20
3.87	0.06293	0.02	-132.1	-0.06991	4.0	2023-12-21
3.88	0.06272	0.01	-105.1	-0.06749	4.0	2023-12-22
3.87	0.0611	-0.01	-93.1	-0.06562	3.99	2023-12-25
3.83	0.06031	-0.04	-134.5	-0.0666	3.98	2023-12-26
3.88	0.06243	0.05	-93.22	-0.06262	3.97	2023-12-27
3.93	0.06297	0.05	-0.3158	-0.05479	3.97	2023-12-28
3.93	0.06062	0.0	47.92	-0.04804	3.97	2023-12-29
3.91	0.06057	-0.02	37.59	-0.0438	3.96	2024-01-02
3.94	0.05982	0.03	56.21	-0.03758	3.96	2024-01-03
3.97	0.05911	0.03	99.45	-0.02989	3.96	2024-01-04
4.03	0.06418	0.06	204.2	-0.01874	3.97	2024-01-05
4.01	0.06459	-0.02	171.2	-0.01138	3.97	2024-01-08
3.97	0.06498	-0.04	85.12	-0.008682	3.97	2024-01-09
3.96	0.06391	-0.01	84.52	-0.007263	3.97	2024-01-10
3.93	0.06363	-0.03	40.61	-0.008462	3.97	2024-01-11
3.92	0.06266	-0.01	27.4	-0.0101	3.96	2024-01-12
3.96	0.06318	0.04	36.81	-0.008082	3.96	2024-01-15
4.04	0.06581	0.08	124.2	-2.556e-05	3.97	2024-01-16
4.01	0.06683	-0.03	142.7	0.003894	3.97	2024-01-17
4.01	0.07205	0.0	48.13	0.00692	3.97	2024-01-18
3.98	0.07119	-0.03	52.29	0.00682	3.97	2024-01-19
3.99	0.07111	0.01	71.71	0.007461	3.97	2024-01-22
4.0	0.07103	0.01	59.59	0.008675	3.98	2024-01-23
4.05	0.07095	0.05	128.5	0.01352	3.98	2024-01-24
4.19	0.0766	0.14	273.9	0.02832	3.99	2024-01-25
4.21	0.07827	0.02	279.4	0.0412	4.01	2024-01-26
4.3	0.08339	0.09	288.8	0.05799	4.03	2024-01-29
4.25	0.08672	-0.05	202.2	0.0665	4.04	2024-01-30
4.28	0.08767	0.03	161.8	0.07481	4.06	2024-01-31
4.24	0.08641	-0.04	123.4	0.07727	4.07	2024-02-01
4.25	0.08809	0.01	99.88	0.07911	4.08	2024-02-02
4.3	0.08966	0.05	106.9	0.08365	4.09	2024-02-05
4.4	0.09111	0.1	128.0	0.09422	4.11	2024-02-06
4.3	0.09746	-0.1	87.05	0.09346	4.13	2024-02-07
4.24	0.1012	-0.06	44.05	0.08701	4.13	2024-02-08
4.34	0.1026	0.1	73.36	0.08894	4.15	2024-02-19
4.38	0.1017	0.04	94.99	0.09263	4.16	2024-02-20
4.47	0.1065	0.09	129.1	0.1016	4.18	2024-02-21
4.47	0.1032	0.0	128.5	0.1075	4.2	2024-02-22
4.51	0.103	0.04	154.3	0.1141	4.22	2024-02-23
4.37	0.1078	-0.14	87.28	0.1068	4.23	2024-02-26
4.39	0.1044	0.02	62.73	0.1015	4.24	2024-02-27
4.35	0.1033	-0.04	43.23	0.09296	4.25	2024-02-28
4.39	0.09953	0.04	44.94	0.0884	4.26	2024-02-29
4.38	0.09527	-0.01	37.93	0.08303	4.26	2024-03-01
4.3	0.0949	-0.08	-21.63	0.07149	4.27	2024-03-04
4.39	0.09598	0.09	10.84	0.06881	4.27	2024-03-05
4.36	0.09341	-0.03	21.32	0.06354	4.28	2024-03-06
4.38	0.09102	0.02	25.04	0.06028	4.29	2024-03-07
4.4	0.08738	0.02	37.04	0.05863	4.29	2024-03-08
4.4	0.08542	0.0	31.0	0.05668	4.3	2024-03-11
4.34	0.08432	-0.06	-23.56	0.04971	4.3	2024-03-12
4.29	0.08187	-0.05	-96.41	0.0397	4.3	2024-03-13
4.29	0.08031	0.0	-110.2	0.0314	4.3	2024-03-14
4.29	0.07814	0.0	-140.7	0.02454	4.3	2024-03-15
4.3	0.07613	0.01	-132.5	0.01969	4.3	2024-03-18
4.26	0.07426	-0.04	-142.6	0.01247	4.3	2024-03-19
4.28	0.07396	0.02	-125.9	0.008264	4.3	2024-03-20
4.3	0.07225	0.02	-76.54	0.006472	4.3	2024-03-21
4.29	0.07066	-0.01	-91.46	0.004197	4.3	2024-03-22
4.29	0.06918	0.0	-62.76	0.002367	4.3	2024-03-25
4.36	0.06924	0.07	13.8	0.00649	4.3	2024-03-26
4.39	0.06858	0.03	91.17	0.01204	4.31	2024-03-27
4.3	0.07011	-0.09	-1.813	0.009071	4.31	2024-03-28
4.3	0.06939	0.0	-33.55	0.006642	4.31	2024-03-29
4.3	0.06729	0.0	-54.48	0.004663	4.31	2024-04-01
4.3	0.06391	0.0	-38.29	0.003059	4.3	2024-04-02
4.26	0.06292	-0.04	-88.82	-0.001423	4.3	2024-04-03
4.3	0.06342	0.04	-72.49	-0.001728	4.3	2024-04-08
4.24	0.06389	-0.06	-101.0	-0.006733	4.3	2024-04-09
4.23	0.0629	-0.01	-161.1	-0.01138	4.29	2024-04-10
4.2	0.06198	-0.03	-234.0	-0.01728	4.29	2024-04-11
4.16	0.06255	-0.04	-249.8	-0.02489	4.28	2024-04-12
4.28	0.06808	0.12	-84.26	-0.02101	4.28	2024-04-15
4.33	0.07036	0.05	83.33	-0.01373	4.28	2024-04-16
4.4	0.07462	0.07	130.3	-0.002291	4.29	2024-04-17
4.44	0.07787	0.04	219.8	0.009889	4.3	2024-04-18
4.41	0.07659	-0.03	169.0	0.01693	4.31	2024-04-19
4.38	0.07969	-0.03	123.9	0.01985	4.31	2024-04-22
4.39	0.08114	0.01	90.87	0.02272	4.32	2024-04-23
4.35	0.07963	-0.04	54.24	0.02151	4.32	2024-04-24
4.38	0.07966	0.03	54.91	0.02272	4.32	2024-04-25
4.29	0.08254	-0.09	11.01	0.01622	4.32	2024-04-26
4.29	0.08093	0.0	-25.35	0.01095	4.32	2024-04-29
4.34	0.08015	0.05	12.03	0.01068	4.32	2024-04-30
4.39	0.07942	0.05	76.32	0.01434	4.32	2024-05-06
4.4	0.07732	0.01	72.81	0.01784	4.33	2024-05-07
4.38	0.07394	-0.02	65.96	0.01878	4.33	2024-05-08
4.4	0.07152	0.02	63.18	0.0209	4.34	2024-05-09
4.52	0.07855	0.12	143.1	0.03189	4.35	2024-05-10
4.49	0.07651	-0.03	143.7	0.03775	4.36	2024-05-13
4.49	0.07605	0.0	143.2	0.04191	4.37	2024-05-14
4.47	0.0749	-0.02	122.5	0.0431	4.37	2024-05-15
4.55	0.07812	0.08	169.3	0.04992	4.38	2024-05-16
4.58	0.07968	0.03	155.8	0.05709	4.4	2024-05-17
4.59	0.08185	0.01	171.6	0.06285	4.41	2024-05-20
4.59	0.07886	0.0	135.1	0.06665	4.42	2024-05-21
4.6	0.07894	0.01	131.2	0.06966	4.43	2024-05-22
4.57	0.07687	-0.03	88.97	0.06884	4.44	2024-05-23
4.57	0.07781	0.0	88.98	0.0674	4.45	2024-05-24
4.66	0.0794	0.09	113.7	0.07269	4.46	2024-05-27
4.64	0.07801	-0.02	110.6	0.07442	4.47	2024-05-28
4.59	0.07887	-0.05	66.67	0.07093	4.48	2024-05-29
4.57	0.07752	-0.02	43.2	0.06579	4.49	2024-05-30
4.55	0.07627	-0.02	37.48	0.05942	4.49	2024-05-31
4.54	0.07654	-0.01	2.831	0.05296	4.5	2024-06-03
4.56	0.07678	0.02	1.859	0.04888	4.5	2024-06-04
4.54	0.0763	-0.02	-4.707	0.04354	4.5	2024-06-05
4.51	0.07513	-0.03	-73.56	0.03646	4.5	2024-06-06
4.57	0.07477	0.06	-29.73	0.03529	4.51	2024-06-07
4.45	0.078	-0.12	-135.2	0.02439	4.5	2024-06-11
4.4	0.07886	-0.05	-253.8	0.01159	4.5	2024-06-12
4.37	0.07894	-0.03	-254.6	-0.0009629	4.49	2024-06-13
4.3	0.08044	-0.07	-235.2	-0.01637	4.48	2024-06-14
4.28	0.07827	-0.02	-213.0	-0.02985	4.46	2024-06-17
4.3	0.07625	0.02	-168.8	-0.03848	4.45	2024-06-18
4.34	0.0758	0.04	-113.4	-0.04161	4.45	2024-06-19
4.34	0.07396	0.0	-90.7	-0.04359	4.44	2024-06-20
4.35	0.07153	0.01	-75.98	-0.04384	4.43	2024-06-21
4.4	0.07285	0.05	-49.5	-0.03956	4.43	2024-06-24
4.4	0.07051	0.0	-29.86	-0.03575	4.43	2024-06-25
4.46	0.07118	0.06	2.487	-0.02757	4.43	2024-06-26
4.54	0.07396	0.08	57.28	-0.01446	4.44	2024-06-27
4.59	0.07367	0.05	94.62	-4.216e-05	4.45	2024-06-28
4.59	0.0727	0.0	118.4	0.01126	4.46	2024-07-01
4.67	0.07393	0.08	138.0	0.02636	4.47	2024-07-02
4.63	0.0758	-0.04	125.6	0.03471	4.48	2024-07-03
4.68	0.07538	0.05	130.6	0.04484	4.49	2024-07-04
4.68	0.07	0.0	121.7	0.05226	4.51	2024-07-05
4.62	0.07571	-0.06	71.41	0.0527	4.51	2024-07-08
4.59	0.07459	-0.03	62.11	0.05004	4.52	2024-07-09
4.64	0.07426	0.05	74.68	0.05139	4.53	2024-07-10
4.6	0.07967	-0.04	61.69	0.04866	4.53	2024-07-11
4.69	0.08255	0.09	75.81	0.05315	4.54	2024-07-12
4.78	0.08594	0.09	113.6	0.06324	4.56	2024-07-15
4.76	0.08552	-0.02	121.4	0.06883	4.57	2024-07-16
4.78	0.08512	0.02	128.4	0.07402	4.58	2024-07-17
4.76	0.08333	-0.02	104.1	0.07565	4.59	2024-07-18
4.75	0.08452	-0.01	78.58	0.07526	4.6	2024-07-19
4.68	0.08705	-0.07	38.85	0.06852	4.61	2024-07-22
4.75	0.09084	0.07	83.58	0.06804	4.62	2024-07-23
4.79	0.08863	0.04	120.8	0.07008	4.63	2024-07-24
4.75	0.0923	-0.04	83.8	0.06769	4.64	2024-07-25
4.65	0.09857	-0.1	-19.96	0.05707	4.64	2024-07-26
4.73	0.1015	0.08	-1.277	0.05447	4.64	2024-07-29
4.69	0.09927	-0.04	16.54	0.04863	4.65	2024-07-30
4.6	0.1015	-0.09	-73.98	0.03632	4.64	2024-07-31
4.58	0.1021	-0.02	-113.8	0.02467	4.64	2024-08-01
4.59	0.09907	0.01	-114.1	0.01605	4.64	2024-08-02
4.56	0.09628	-0.03	-127.9	0.006729	4.63	2024-08-05
4.51	0.09512	-0.05	-162.7	-0.004643	4.62	2024-08-06
4.51	0.0919	0.0	-146.7	-0.0135	4.62	2024-08-07
4.49	0.08819	-0.02	-144.2	-0.02188	4.61	2024-08-08
4.51	0.08618	0.02	-114.0	-0.0266	4.6	2024-08-09
4.5	0.08431	-0.01	-106.5	-0.03079	4.6	2024-08-12
4.58	0.08543	0.08	-64.67	-0.02735	4.59	2024-08-13
4.56	0.08432	-0.02	-41.42	-0.02593	4.59	2024-08-14
4.62	0.08402	0.06	-18.15	-0.01974	4.59	2024-08-15
4.73	0.0873	0.11	63.22	-0.005886	4.6	2024-08-16
4.82	0.08964	0.09	124.7	0.01221	4.62	2024-08-19
4.83	0.08823	0.01	149.7	0.02705	4.63	2024-08-20
4.83	0.08836	0.0	135.9	0.03837	4.64	2024-08-21
4.89	0.08919	0.06	166.3	0.05158	4.66	2024-08-22
4.89	0.08925	0.0	146.0	0.06135	4.67	2024-08-23
4.9	0.08859	0.01	126.3	0.0691	4.69	2024-08-26
4.94	0.08797	0.04	131.1	0.07758	4.7	2024-08-27
4.87	0.08955	-0.07	94.34	0.07775	4.72	2024-08-28
4.67	0.09887	-0.2	22.38	0.06104	4.71	2024-08-29
4.51	0.1054	-0.16	-53.09	0.0345	4.7	2024-08-30
4.52	0.1043	0.01	-76.83	0.0141	4.69	2024-09-02
4.41	0.1068	-0.11	-108.1	-0.01081	4.67	2024-09-03
4.4	0.1056	-0.01	-120.6	-0.03101	4.65	2024-09-04
4.4	0.1031	0.0	-107.0	-0.04648	4.64	2024-09-05
4.51	0.1064	0.11	-74.14	-0.04929	4.63	2024-09-06
4.41	0.1074	-0.1	-92.32	-0.05891	4.61	2024-09-09
4.42	0.1054	0.01	-93.59	-0.06498	4.6	2024-09-10
4.3	0.1086	-0.12	-113.8	-0.07857	4.58	2024-09-11
4.33	0.108	0.03	-108.2	-0.08592	4.57	2024-09-12
4.35	0.1067	0.02	-80.5	-0.08911	4.55	2024-09-13
4.43	0.1055	0.08	-58.31	-0.08421	4.54	2024-09-18
4.41	0.103	-0.02	-51.88	-0.08101	4.54	2024-09-19
4.49	0.1035	0.08	-32.41	-0.0712	4.53	2024-09-20
4.54	0.1025	0.05	-9.28	-0.05871	4.53	2024-09-23
4.71	0.1081	0.17	58.22	-0.03469	4.54	2024-09-24
4.77	0.1125	0.06	119.7	-0.0107	4.56	2024-09-25
4.92	0.1159	0.15	167.0	0.02019	4.58	2024-09-26
4.81	0.1262	-0.11	173.0	0.03539	4.6	2024-09-27
5.01	0.1414	0.2	185.6	0.06285	4.62	2024-09-30
5.17	0.1678	0.16	229.6	0.0964	4.66	2024-10-08
4.92	0.1751	-0.25	118.0	0.1017	4.68	2024-10-09
5.19	0.1876	0.27	134.9	0.1261	4.71	2024-10-10
5.19	0.1935	0.0	137.8	0.1439	4.74	2024-10-11
5.37	0.1961	0.18	137.3	0.1705	4.78	2024-10-14
5.22	0.1928	-0.15	107.5	0.1775	4.81	2024-10-15
5.4	0.1997	0.18	111.5	0.1953	4.85	2024-10-16
5.37	0.199	-0.03	115.4	0.2046	4.88	2024-10-17
5.37	0.1984	0.0	92.15	0.2095	4.91	2024-10-18
5.28	0.1971	-0.09	67.74	0.2039	4.94	2024-10-21
5.28	0.1894	0.0	64.44	0.1971	4.96	2024-10-22
5.29	0.1809	0.01	60.61	0.1903	4.98	2024-10-23
5.28	0.1751	-0.01	55.56	0.1821	5.0	2024-10-24
5.23	0.1712	-0.05	33.5	0.1696	5.01	2024-10-25
5.16	0.1661	-0.07	6.478	0.1522	5.02	2024-10-28
5.14	0.1614	-0.02	-7.865	0.1353	5.03	2024-10-29
5.02	0.1613	-0.12	-69.65	0.1109	5.03	2024-10-30
4.96	0.159	-0.06	-114.0	0.0858	5.03	2024-10-31
5.01	0.1563	0.05	-110.4	0.06912	5.02	2024-11-01
5.05	0.1544	0.04	-116.7	0.05845	5.03	2024-11-04
5.07	0.1491	0.02	-80.85	0.05102	5.03	2024-11-05
4.99	0.1456	-0.08	-101.3	0.03823	5.03	2024-11-06
5.1	0.1459	0.11	-73.87	0.03656	5.03	2024-11-07
5.04	0.1455	-0.06	-61.77	0.03004	5.03	2024-11-08
4.95	0.1422	-0.09	-101.5	0.01741	5.03	2024-11-11
4.91	0.1399	-0.04	-106.9	0.004129	5.02	2024-11-12
4.95	0.1349	0.04	-100.5	-0.003134	5.01	2024-11-13
4.95	0.1317	0.0	-85.41	-0.008789	5.01	2024-11-14
5.0	0.1316	0.05	-57.8	-0.00913	5.01	2024-11-15
5.08	0.1329	0.08	7.013	-0.002912	5.01	2024-11-18
5.05	0.1334	-0.03	-1.582	-0.0004	5.02	2024-11-19
5.06	0.1289	0.01	3.008	0.00237	5.02	2024-11-20
5.05	0.1225	-0.01	9.815	0.003716	5.02	2024-11-21
4.95	0.1231	-0.1	-46.52	-0.003249	5.02	2024-11-22
4.99	0.12	0.04	-44.32	-0.005478	5.02	2024-11-25
5.08	0.1207	0.09	48.18	1.701e-05	5.02	2024-11-26
5.09	0.1192	0.01	99.32	0.00512	5.02	2024-11-27
5.06	0.1157	-0.03	79.42	0.006667	5.03	2024-11-28
5.05	0.1132	-0.01	62.48	0.007005	5.03	2024-11-29
5.12	0.1144	0.07	84.58	0.01277	5.03	2024-12-02
5.22	0.1162	0.1	188.8	0.02513	5.05	2024-12-03
5.22	0.115	0.0	207.4	0.03452	5.06	2024-12-04
5.22	0.114	0.0	183.6	0.04148	5.07	2024-12-05
5.28	0.113	0.06	193.7	0.05125	5.08	2024-12-06
5.29	0.1128	0.01	180.8	0.05912	5.09	2024-12-09
5.33	0.1118	0.04	169.8	0.0678	5.11	2024-12-10
5.21	0.1146	-0.12	97.56	0.06426	5.12	2024-12-11
5.28	0.1128	0.07	83.33	0.06633	5.13	2024-12-12
5.15	0.114	-0.13	36.45	0.05683	5.13	2024-12-13
5.24	0.113	0.09	47.85	0.05592	5.14	2024-12-16
5.22	0.1107	-0.02	56.15	0.05297	5.14	2024-12-17
5.25	0.1106	0.03	75.24	0.05245	5.15	2024-12-18
5.17	0.1106	-0.08	21.73	0.04507	5.15	2024-12-19
5.16	0.1077	-0.01	-3.33	0.03797	5.15	2024-12-20
5.33	0.115	0.17	82.93	0.04554	5.16	2024-12-23
5.36	0.1132	0.03	131.5	0.05334	5.17	2024-12-24
5.39	0.1151	0.03	185.5	0.06124	5.19	2024-12-25
5.36	0.1133	-0.03	120.8	0.06434	5.2	2024-12-26
5.33	0.1152	-0.03	72.8	0.06364	5.21	2024-12-27
5.43	0.1177	0.1	139.8	0.07034	5.22	2024-12-30
5.41	0.1157	-0.02	171.4	0.0732	5.23	2024-12-31
5.26	0.1246	-0.15	49.5	0.06263	5.24	2025-01-02
5.23	0.125	-0.03	-53.91	0.05125	5.24	2025-01-03
5.29	0.1282	0.06	-24.47	0.04653	5.24	2025-01-06
5.33	0.1269	0.04	11.89	0.0455	5.24	2025-01-07
5.33	0.1257	0.0	61.26	0.04417	5.25	2025-01-08
5.26	0.1253	-0.07	-26.2	0.03704	5.25	2025-01-09
5.22	0.1249	-0.04	-67.44	0.02785	5.25	2025-01-10
5.13	0.1281	-0.09	-161.0	0.01314	5.24	2025-01-13
5.14	0.124	0.01	-142.6	0.00227	5.23	2025-01-14
5.16	0.1223	0.02	-105.3	-0.004678	5.23	2025-01-15
5.21	0.1214	0.05	-72.88	-0.00608	5.23	2025-01-16
5.15	0.1192	-0.06	-82.71	-0.01189	5.22	2025-01-17
5.11	0.1171	-0.04	-113.4	-0.01951	5.22	2025-01-20
5.14	0.1151	0.03	-111.4	-0.02285	5.21	2025-01-21
5.07	0.1141	-0.07	-120.6	-0.0308	5.2	2025-01-22
5.25	0.1209	0.18	-26.08	-0.02232	5.21	2025-01-23
5.25	0.1208	0.0	0.1446	-0.01542	5.21	2025-01-24
5.29	0.1179	0.04	43.02	-0.006642	5.21	2025-01-27
5.17	0.1195	-0.12	-21.79	-0.009265	5.21	2025-02-05
5.16	0.1174	-0.01	-54.48	-0.01201	5.21	2025-02-06
5.14	0.1126	-0.02	-77.78	-0.01562	5.2	2025-02-07
5.14	0.1088	0.0	-67.02	-0.01827	5.2	2025-02-10
5.16	0.1061	0.02	-35.17	-0.01855	5.2	2025-02-11
5.16	0.1035	0.0	-54.81	-0.01855	5.19	2025-02-12
5.17	0.1004	0.01	-8.64	-0.01754	5.19	2025-02-13
5.15	0.0982	-0.02	-19.02	-0.01815	5.19	2025-02-14
5.25	0.1005	0.1	87.46	-0.01044	5.19	2025-02-17
5.36	0.1033	0.11	237.4	0.004492	5.2	2025-02-18
5.32	0.1009	-0.04	193.3	0.01295	5.21	2025-02-19
5.31	0.09728	-0.01	142.6	0.01863	5.22	2025-02-20
5.24	0.0989	-0.07	69.41	0.01729	5.22	2025-02-21
5.2	0.09684	-0.04	17.77	0.01284	5.22	2025-02-24
5.15	0.09492	-0.05	-42.03	0.00523	5.21	2025-02-25
5.17	0.09386	0.02	-27.34	0.0007992	5.21	2025-02-26
5.2	0.0943	0.03	-40.0	-0.0002878	5.21	2025-02-27
5.21	0.09113	0.01	4.207	-0.0003384	5.21	2025-02-28
5.15	0.09034	-0.06	-48.92	-0.005161	5.21	2025-03-03
5.14	0.08603	-0.01	-78.8	-0.009677	5.2	2025-03-04
5.23	0.08845	0.09	-3.961	-0.005927	5.2	2025-03-05
5.18	0.08714	-0.05	-6.449	-0.006909	5.2	2025-03-06
5.2	0.08591	0.02	-11.26	-0.006004	5.2	2025-03-07
5.15	0.08477	-0.05	-59.54	-0.009216	5.2	2025-03-10
5.16	0.08086	0.01	-73.96	-0.01083	5.2	2025-03-11
5.13	0.07794	-0.03	-94.29	-0.01436	5.19	2025-03-12
5.16	0.07523	0.03	-85.83	-0.01457	5.19	2025-03-13
5.24	0.07986	0.08	29.2	-0.008193	5.19	2025-03-14
5.27	0.07773	0.03	79.81	-0.0007065	5.2	2025-03-17
5.25	0.07717	-0.02	72.98	0.003572	5.2	2025-03-18
5.3	0.07738	0.05	136.4	0.01087	5.21	2025-03-19
5.26	0.07899	-0.04	144.3	0.01328	5.21	2025-03-20
5.22	0.07906	-0.04	67.79	0.01182	5.21	2025-03-21
5.24	0.07699	0.02	68.43	0.01214	5.21	2025-03-24
5.27	0.07506	0.03	95.16	0.01464	5.22	2025-03-25
5.24	0.07398	-0.03	56.53	0.01404	5.22	2025-03-26
5.22	0.07227	-0.02	36.44	0.01182	5.22	2025-03-27
5.09	0.08068	-0.13	-154.4	-0.0004298	5.21	2025-03-28
5.1	0.08206	0.01	-123.9	-0.009223	5.2	2025-03-31
5.05	0.0812	-0.05	-168.4	-0.02	5.19	2025-04-01
5.08	0.07897	0.03	-139.3	-0.02581	5.19	2025-04-02
5.11	0.07762	0.03	-101.5	-0.02769	5.18	2025-04-03
4.96	0.09207	-0.15	-198.3	-0.0408	5.17	2025-04-07
5.01	0.09264	0.05	-146.5	-0.04663	5.16	2025-04-08
4.98	0.09245	-0.03	-132.4	-0.05305	5.15	2025-04-09
4.98	0.0887	0.0	-108.4	-0.05748	5.13	2025-04-10
4.99	0.08522	0.01	-97.25	-0.0595	5.13	2025-04-11
5.03	0.08414	0.04	-68.72	-0.05721	5.12	2025-04-14
5.11	0.08527	0.08	-23.91	-0.04838	5.12	2025-04-15
5.16	0.08418	0.05	13.39	-0.03692	5.12	2025-04-16
5.16	0.08245	0.0	26.69	-0.02753	5.12	2025-04-17
5.22	0.08228	0.06	67.07	-0.01507	5.13	2025-04-18
5.14	0.0864	-0.08	66.25	-0.01151	5.13	2025-04-21
5.18	0.08666	0.04	53.77	-0.005408	5.13	2025-04-22
5.16	0.08404	-0.02	67.25	-0.002158	5.14	2025-04-23
5.23	0.08375	0.07	109.0	0.005997	5.14	2025-04-24
5.23	0.08348	0.0	129.9	0.01232	5.15	2025-04-25
5.27	0.08181	0.04	132.0	0.02032	5.16	2025-04-28
5.24	0.08096	-0.03	106.9	0.02397	5.16	2025-04-29
5.12	0.08946	-0.12	31.69	0.01698	5.16	2025-04-30
5.12	0.08665	0.0	-6.977	0.01131	5.16	2025-05-06
5.21	0.08689	0.09	47.23	0.01392	5.16	2025-05-07
5.2	0.08568	-0.01	65.61	0.015	5.16	2025-05-08
5.26	0.08527	0.06	92.09	0.02047	5.17	2025-05-09
5.25	0.0849	-0.01	91.8	0.02372	5.17	2025-05-12
5.31	0.08526	0.06	123.7	0.03079	5.18	2025-05-13
5.36	0.0856	0.05	175.0	0.03996	5.19	2025-05-14
5.35	0.08377	-0.01	179.5	0.04589	5.2	2025-05-15
5.32	0.08422	-0.03	118.8	0.04762	5.21	2025-05-16
5.3	0.08177	-0.02	99.62	0.04684	5.22	2025-05-19
5.31	0.08093	0.01	94.03	0.0465	5.22	2025-05-20
5.34	0.08015	0.03	101.6	0.04809	5.23	2025-05-21
5.39	0.07943	0.05	119.0	0.05277	5.24	2025-05-22
5.36	0.08018	-0.03	115.1	0.05345	5.25	2025-05-23
5.31	0.08088	-0.05	63.14	0.04938	5.25	2025-05-26
5.34	0.07939	0.03	63.83	0.04803	5.26	2025-05-27
5.31	0.08015	-0.03	38.74	0.04403	5.26	2025-05-28
5.28	0.07728	-0.03	8.43	0.03799	5.26	2025-05-29
5.33	0.07676	0.05	34.6	0.03682	5.27	2025-05-30
5.41	0.07985	0.08	95.6	0.04187	5.28	2025-06-03
5.39	0.07843	-0.02	128.6	0.04375	5.28	2025-06-04
5.35	0.07711	-0.04	84.65	0.04154	5.29	2025-06-05
5.36	0.07589	0.01	72.82	0.04012	5.29	2025-06-06
5.33	0.07404	-0.03	7.407	0.03617	5.29	2025-06-09
5.36	0.0759	0.03	82.14	0.03505	5.3	2025-06-10
5.36	0.07476	0.0	55.99	0.03377	5.3	2025-06-11
5.37	0.07228	0.01	42.42	0.03319	5.31	2025-06-12
5.31	0.07283	-0.06	-46.19	0.02756	5.31	2025-06-13
5.42	0.07763	0.11	67.59	0.03162	5.31	2025-06-16
5.43	0.07708	0.01	201.2	0.03523	5.32	2025-06-17
5.51	0.08015	0.08	263.9	0.04404	5.33	2025-06-18
5.52	0.07942	0.01	267.2	0.05124	5.35	2025-06-19
5.55	0.07946	0.03	236.9	0.05869	5.36	2025-06-20
5.65	0.08879	0.1	227.3	0.07184	5.38	2025-06-23
5.61	0.09173	-0.04	186.2	0.07813	5.39	2025-06-24
5.62	0.09161	0.01	140.6	0.08296	5.41	2025-06-25
5.66	0.09364	0.04	138.1	0.08899	5.42	2025-06-26
5.48	0.1012	-0.18	62.56	0.07835	5.43	2025-06-27
5.47	0.09829	-0.01	3.262	0.06832	5.43	2025-06-30
5.52	0.09698	0.05	36.35	0.06367	5.44	2025-07-01
5.52	0.09363	0.0	48.77	0.0593	5.44	2025-07-02
5.51	0.09194	-0.01	31.87	0.0544	5.45	2025-07-03
5.61	0.09537	0.1	79.41	0.05792	5.46	2025-07-04
5.7	0.09642	0.09	132.4	0.0672	5.47	2025-07-07
5.75	0.09453	0.05	169.8	0.07769	5.49	2025-07-08
5.76	0.09349	0.01	176.0	0.08583	5.51	2025-07-09
5.79	0.09396	0.03	172.0	0.09361	5.53	2025-07-10
5.67	0.1008	-0.12	110.1	0.08908	5.54	2025-07-11
5.71	0.1036	0.04	100.2	0.0877	5.55	2025-07-14
5.66	0.1041	-0.05	60.21	0.08163	5.55	2025-07-15
5.65	0.1016	-0.01	21.7	0.07514	5.56	2025-07-16
5.65	0.09724	0.0	19.69	0.06921	5.57	2025-07-17
5.69	0.09529	0.04	40.0	0.06696	5.57	2025-07-18
5.66	0.09348	-0.03	28.46	0.06204	5.58	2025-07-21
5.6	0.09466	-0.06	-28.4	0.0527	5.58	2025-07-22
5.65	0.09719	0.05	6.737	0.04876	5.59	2025-07-23
5.6	0.09667	-0.05	-19.04	0.04113	5.59	2025-07-24
5.6	0.09405	0.0	-32.84	0.03469	5.59	2025-07-25
5.63	0.09305	0.03	-28.8	0.03164	5.59	2025-07-28
5.61	0.09426	-0.02	-20.12	0.02729	5.59	2025-07-29
5.69	0.1018	0.08	39.41	0.02996	5.6	2025-07-30
5.74	0.1067	0.05	48.28	0.03569	5.61	2025-07-31
5.66	0.1098	-0.08	32.74	0.0334	5.61	2025-08-01
5.76	0.1112	0.1	56.52	0.0392	5.62	2025-08-04
5.85	0.1126	0.09	166.7	0.05047	5.63	2025-08-05
5.9	0.1095	0.05	232.1	0.06272	5.65	2025-08-06
6.0	0.1138	0.1	266.4	0.07958	5.67	2025-08-07
